prioridade,codigo,external_id,titulo,fonte,referencia_fonte,campo,valor_atual,acao_recomendada
alta,contact_authorization_required,inventory:pindobal:1,Conselho Tutelar - II,Inventário da Secretaria de Turismo,Inventário da Oferta Turística da Secretaria de Turismo; página 31,contatos,190,Registrar autorização antes de tornar qualquer contato público.
alta,phone_not_normalized,inventory:pindobal:1,Conselho Tutelar - II,Inventário da Secretaria de Turismo,Inventário da Oferta Turística da Secretaria de Turismo; página 31,telefone,190,Corrigir manualmente; o valor não pôde ser convertido com segurança para E.164.
alta,contact_authorization_required,inventory:pindobal:2,Conselho Tutelar - III,Inventário da Secretaria de Turismo,Inventário da Oferta Turística da Secretaria de Turismo; página 31,contatos,190,Registrar autorização antes de tornar qualquer contato público.
alta,phone_not_normalized,inventory:pindobal:2,Conselho Tutelar - III,Inventário da Secretaria de Turismo,Inventário da Oferta Turística da Secretaria de Turismo; página 31,telefone,190,Corrigir manualmente; o valor não pôde ser convertido com segurança para E.164.
média,missing_contact,inventory:pindobal:3,Atacadão,Inventário da Secretaria de Turismo,Inventário da Oferta Turística da Secretaria de Turismo; página 34,contatos,,Confirmar ao menos um canal público autorizado.
média,missing_contact,inventory:pindobal:4,Supermercado Gaúchinho,Inventário da Secretaria de Turismo,Inventário da Oferta Turística da Secretaria de Turismo; página 34,contatos,,Confirmar ao menos um canal público autorizado.
média,missing_contact,inventory:pindobal:5,Araribá Indígena,Inventário da Secretaria de Turismo,Inventário da Oferta Turística da Secretaria de Turismo; página 36,contatos,,Confirmar ao menos um canal público autorizado.
alta,contact_authorization_required,inventory:pindobal:6,Araribá Tropical,Inventário da Secretaria de Turismo,Inventário da Oferta Turística da Secretaria de Turismo; página 36,contatos,contato@araribah.com.br,Registrar autorização antes de tornar qualquer contato público.
baixa,website_cleaned,inventory:pindobal:6,Araribá Tropical,Inventário da Secretaria de Turismo,Inventário da Oferta Turística da Secretaria de Turismo; página 36,site,www.araribah.com.br,Confirmar a URL normalizada: https://www.araribah.com.br
média,missing_contact,inventory:pindobal:7,Art Grupo Lago Verde,Inventário da Secretaria de Turismo,Inventário da Oferta Turística da Secretaria de Turismo; página 36,contatos,,Confirmar ao menos um canal público autorizado.
média,far_from_route,inventory:pindobal:7,Art Grupo Lago Verde,Inventário da Secretaria de Turismo,Inventário da Oferta Turística da Secretaria de Turismo; página 36,dist_rota_m,528.5,Confirmar se o ponto deve permanecer vinculado à rota de Pindobal.
média,missing_contact,inventory:pindobal:8,Borari Art’s,Inventário da Secretaria de Turismo,Inventário da Oferta Turística da Secretaria de Turismo; página 36,contatos,,Confirmar ao menos um canal público autorizado.
alta,contact_authorization_required,inventory:pindobal:9,Praça do Sairé,Inventário da Secretaria de Turismo,Inventário da Oferta Turística da Secretaria de Turismo; página 36,contatos,encantodoçairef@gmail.com,Registrar autorização antes de tornar qualquer contato público.
baixa,email_cleaned,inventory:pindobal:9,Praça do Sairé,Inventário da Secretaria de Turismo,Inventário da Oferta Turística da Secretaria de Turismo; página 36,email,encantodoçairef@gmail.com,Confirmar o e-mail normalizado: airef@gmail.com
média,missing_contact,inventory:pindobal:10,Flor de Rio,Inventário da Secretaria de Turismo,Inventário da Oferta Turística da Secretaria de Turismo; página 36,contatos,,Confirmar ao menos um canal público autorizado.
média,missing_contact,inventory:pindobal:11,Shopping Rio Tapajós,Inventário da Secretaria de Turismo,Inventário da Oferta Turística da Secretaria de Turismo; página 37,contatos,,Confirmar ao menos um canal público autorizado.
alta,contact_authorization_required,inventory:pindobal:12,Cartório Siqueira Sardinha Único Ofício,Inventário da Secretaria de Turismo,Inventário da Oferta Turística da Secretaria de Turismo; página 38,contatos,cartorioalter@hotmail.com,Registrar autorização antes de tornar qualquer contato público.
média,far_from_route,inventory:pindobal:12,Cartório Siqueira Sardinha Único Ofício,Inventário da Secretaria de Turismo,Inventário da Oferta Turística da Secretaria de Turismo; página 38,dist_rota_m,513.1,Confirmar se o ponto deve permanecer vinculado à rota de Pindobal.
alta,contact_authorization_required,inventory:pindobal:13,Paróquia N. Sra. do Rosário,Inventário da Secretaria de Turismo,Inventário da Oferta Turística da Secretaria de Turismo; página 40,contatos,paroqdorosario@yahoo.com.br,Registrar autorização antes de tornar qualquer contato público.
média,far_from_route,inventory:pindobal:13,Paróquia N. Sra. do Rosário,Inventário da Secretaria de Turismo,Inventário da Oferta Turística da Secretaria de Turismo; página 40,dist_rota_m,553.4,Confirmar se o ponto deve permanecer vinculado à rota de Pindobal.
alta,contact_authorization_required,inventory:pindobal:14,Paróquia N. Sra. da Saúde,Inventário da Secretaria de Turismo,Inventário da Oferta Turística da Secretaria de Turismo; página 40,contatos,saudealter@gmail.com,Registrar autorização antes de tornar qualquer contato público.
alta,contact_authorization_required,inventory:pindobal:15,Área Pastoral São João Batista,Inventário da Secretaria de Turismo,Inventário da Oferta Turística da Secretaria de Turismo; página 40,contatos,saojoaobatista-@hotmail.com,Registrar autorização antes de tornar qualquer contato público.
média,far_from_route,inventory:pindobal:15,Área Pastoral São João Batista,Inventário da Secretaria de Turismo,Inventário da Oferta Turística da Secretaria de Turismo; página 40,dist_rota_m,563.3,Confirmar se o ponto deve permanecer vinculado à rota de Pindobal.
média,missing_contact,inventory:pindobal:16,Área Pastoral São Pedro,Inventário da Secretaria de Turismo,Inventário da Oferta Turística da Secretaria de Turismo; página 41,contatos,,Confirmar ao menos um canal público autorizado.
média,far_from_route,inventory:pindobal:16,Área Pastoral São Pedro,Inventário da Secretaria de Turismo,Inventário da Oferta Turística da Secretaria de Turismo; página 41,dist_rota_m,734.0,Confirmar se o ponto deve permanecer vinculado à rota de Pindobal.
média,missing_contact,inventory:pindobal:17,Área Pastoral Madre Paulina,Inventário da Secretaria de Turismo,Inventário da Oferta Turística da Secretaria de Turismo; página 41,contatos,,Confirmar ao menos um canal público autorizado.
média,missing_contact,inventory:pindobal:18,Igreja Presbiteriana Independente,Inventário da Secretaria de Turismo,Inventário da Oferta Turística da Secretaria de Turismo; página 41,contatos,,Confirmar ao menos um canal público autorizado.
média,missing_contact,inventory:pindobal:19,Igreja da Paz - Esperança,Inventário da Secretaria de Turismo,Inventário da Oferta Turística da Secretaria de Turismo; página 42,contatos,,Confirmar ao menos um canal público autorizado.
média,missing_contact,inventory:pindobal:20,Igreja da Paz - Santarenzinho,Inventário da Secretaria de Turismo,Inventário da Oferta Turística da Secretaria de Turismo; página 43,contatos,,Confirmar ao menos um canal público autorizado.
média,missing_contact,inventory:pindobal:21,Igreja da Paz Salvação - Salvação,Inventário da Secretaria de Turismo,Inventário da Oferta Turística da Secretaria de Turismo; página 43,contatos,,Confirmar ao menos um canal público autorizado.
média,missing_contact,inventory:pindobal:22,Igreja da Paz Conquista,Inventário da Secretaria de Turismo,Inventário da Oferta Turística da Secretaria de Turismo; página 43,contatos,,Confirmar ao menos um canal público autorizado.
média,missing_contact,inventory:pindobal:23,Igreja da Paz Cucurunã - Cucurunã,Inventário da Secretaria de Turismo,Inventário da Oferta Turística da Secretaria de Turismo; página 43,contatos,,Confirmar ao menos um canal público autorizado.
média,missing_contact,inventory:pindobal:24,Igreja da Paz - Alter do Chão,Inventário da Secretaria de Turismo,Inventário da Oferta Turística da Secretaria de Turismo; página 43,contatos,,Confirmar ao menos um canal público autorizado.
média,missing_contact,inventory:pindobal:25,Igreja da Paz - Irurama,Inventário da Secretaria de Turismo,Inventário da Oferta Turística da Secretaria de Turismo; página 43,contatos,,Confirmar ao menos um canal público autorizado.
média,missing_contact,inventory:pindobal:26,Igreja da Paz - São Brás,Inventário da Secretaria de Turismo,Inventário da Oferta Turística da Secretaria de Turismo; página 44,contatos,,Confirmar ao menos um canal público autorizado.
alta,contact_authorization_required,inventory:pindobal:27,Hotel Açaí,Inventário da Secretaria de Turismo,Inventário da Oferta Turística da Secretaria de Turismo; página 48,contatos,(93) 99130-8030,Registrar autorização antes de tornar qualquer contato público.
baixa,website_cleaned,inventory:pindobal:27,Hotel Açaí,Inventário da Secretaria de Turismo,Inventário da Oferta Turística da Secretaria de Turismo; página 48,site,www.hotelacay.com.br,Confirmar a URL normalizada: https://www.hotelacay.com.br
alta,contact_authorization_required,inventory:pindobal:28,Hotel Raifran,Inventário da Secretaria de Turismo,Inventário da Oferta Turística da Secretaria de Turismo; página 49,contatos,(93) 99114-8764 / 99211-8128 / 99148-1675,Registrar autorização antes de tornar qualquer contato público.
média,far_from_route,inventory:pindobal:28,Hotel Raifran,Inventário da Secretaria de Turismo,Inventário da Oferta Turística da Secretaria de Turismo; página 49,dist_rota_m,603.2,Confirmar se o ponto deve permanecer vinculado à rota de Pindobal.
alta,contact_authorization_required,inventory:pindobal:29,Hotel Pôr do Sol,Inventário da Secretaria de Turismo,Inventário da Oferta Turística da Secretaria de Turismo; página 51,contatos,(93) 99175-1427,Registrar autorização antes de tornar qualquer contato público.
baixa,website_cleaned,inventory:pindobal:29,Hotel Pôr do Sol,Inventário da Secretaria de Turismo,Inventário da Oferta Turística da Secretaria de Turismo; página 51,site,www.pordosolhotel.com.br,Confirmar a URL normalizada: https://www.pordosolhotel.com.br
alta,contact_authorization_required,inventory:pindobal:30,Hotel Rio Tapajós,Inventário da Secretaria de Turismo,Inventário da Oferta Turística da Secretaria de Turismo; página 52,contatos,(93) 99139-6024,Registrar autorização antes de tornar qualquer contato público.
alta,contact_authorization_required,inventory:pindobal:31,Hotel Água linda,Inventário da Secretaria de Turismo,Inventário da Oferta Turística da Secretaria de Turismo; página 53,contatos,(93) 99122-1373,Registrar autorização antes de tornar qualquer contato público.
média,multiple_emails,inventory:pindobal:31,Hotel Água linda,Inventário da Secretaria de Turismo,Inventário da Oferta Turística da Secretaria de Turismo; página 53,email,agualinda@agualindahotel.com.br / reservas@agualindahotel.com.br,Escolher o e-mail público principal.
baixa,website_cleaned,inventory:pindobal:31,Hotel Água linda,Inventário da Secretaria de Turismo,Inventário da Oferta Turística da Secretaria de Turismo; página 53,site,www.agualindahotel.com.br,Confirmar a URL normalizada: https://www.agualindahotel.com.br
alta,contact_authorization_required,inventory:pindobal:32,Hotel Beloalter - Casa do Saulo,Inventário da Secretaria de Turismo,Inventário da Oferta Turística da Secretaria de Turismo; página 53,contatos,(93) 99131-7677 / 99111-3133,Registrar autorização antes de tornar qualquer contato público.
baixa,website_cleaned,inventory:pindobal:32,Hotel Beloalter - Casa do Saulo,Inventário da Secretaria de Turismo,Inventário da Oferta Turística da Secretaria de Turismo; página 53,site,www.beloalter.com.br | facebook.com/beloalter,Confirmar a URL normalizada: https://www.beloalter.com.br
média,far_from_route,inventory:pindobal:32,Hotel Beloalter - Casa do Saulo,Inventário da Secretaria de Turismo,Inventário da Oferta Turística da Secretaria de Turismo; página 53,dist_rota_m,662.1,Confirmar se o ponto deve permanecer vinculado à rota de Pindobal.
alta,contact_authorization_required,inventory:pindobal:33,Hotel Mirante da Ilha,Inventário da Secretaria de Turismo,Inventário da Oferta Turística da Secretaria de Turismo; página 54,contatos,(93) 3527-1268(ws) / 3527-1110,Registrar autorização antes de tornar qualquer contato público.
média,multiple_emails,inventory:pindobal:33,Hotel Mirante da Ilha,Inventário da Secretaria de Turismo,Inventário da Oferta Turística da Secretaria de Turismo; página 54,email,contato@hotelmirantedailha.com.br / reservas@hotelmirantedailha.com.br,Escolher o e-mail público principal.
baixa,website_cleaned,inventory:pindobal:33,Hotel Mirante da Ilha,Inventário da Secretaria de Turismo,Inventário da Oferta Turística da Secretaria de Turismo; página 54,site,www.hotelmirantedailha.com.br,Confirmar a URL normalizada: https://www.hotelmirantedailha.com.br
média,far_from_route,inventory:pindobal:33,Hotel Mirante da Ilha,Inventário da Secretaria de Turismo,Inventário da Oferta Turística da Secretaria de Turismo; página 54,dist_rota_m,591.7,Confirmar se o ponto deve permanecer vinculado à rota de Pindobal.
alta,contact_authorization_required,inventory:pindobal:34,Hotel Borari,Inventário da Secretaria de Turismo,Inventário da Oferta Turística da Secretaria de Turismo; página 54,contatos,(93) 99130-3535 / 3017-1152,Registrar autorização antes de tornar qualquer contato público.
baixa,website_cleaned,inventory:pindobal:34,Hotel Borari,Inventário da Secretaria de Turismo,Inventário da Oferta Turística da Secretaria de Turismo; página 54,site,www.hotelborari.com.br,Confirmar a URL normalizada: https://www.hotelborari.com.br
alta,contact_authorization_required,inventory:pindobal:35,Pousada Babaçu,Inventário da Secretaria de Turismo,Inventário da Oferta Turística da Secretaria de Turismo; página 55,contatos,(93) 99192-2768,Registrar autorização antes de tornar qualquer contato público.
média,invalid_instagram,inventory:pindobal:35,Pousada Babaçu,Inventário da Secretaria de Turismo,Inventário da Oferta Turística da Secretaria de Turismo; página 55,instagram,@pousadababaçualter,Confirmar o usuário e informar a URL HTTPS completa.
alta,contact_authorization_required,inventory:pindobal:36,Hotel Caribe do Alter,Inventário da Secretaria de Turismo,Inventário da Oferta Turística da Secretaria de Turismo; página 55,contatos,(93) 99147-7714,Registrar autorização antes de tornar qualquer contato público.
alta,contact_authorization_required,inventory:pindobal:37,Pousada Casa do Ivo Alter,Inventário da Secretaria de Turismo,Inventário da Oferta Turística da Secretaria de Turismo; página 56,contatos,(93) 98401-0771,Registrar autorização antes de tornar qualquer contato público.
alta,contact_authorization_required,inventory:pindobal:38,Pousada Aurora Boreal,Inventário da Secretaria de Turismo,Inventário da Oferta Turística da Secretaria de Turismo; página 56,contatos,(93) 99232-3740,Registrar autorização antes de tornar qualquer contato público.
alta,contact_authorization_required,inventory:pindobal:39,Pousada Aurora Boreal 2,Inventário da Secretaria de Turismo,Inventário da Oferta Turística da Secretaria de Turismo; página 56,contatos,(93) 99232-3740,Registrar autorização antes de tornar qualquer contato público.
alta,contact_authorization_required,inventory:pindobal:40,Pousada Casa de Vidro,Inventário da Secretaria de Turismo,Inventário da Oferta Turística da Secretaria de Turismo; página 57,contatos,paulocruz012@gmail.com,Registrar autorização antes de tornar qualquer contato público.
média,invalid_instagram,inventory:pindobal:40,Pousada Casa de Vidro,Inventário da Secretaria de Turismo,Inventário da Oferta Turística da Secretaria de Turismo; página 57,instagram,@espaçocasadevidropindobal,Confirmar o usuário e informar a URL HTTPS completa.
alta,contact_authorization_required,inventory:pindobal:41,Pousada Luar de Alter,Inventário da Secretaria de Turismo,Inventário da Oferta Turística da Secretaria de Turismo; página 57,contatos,(93) 99216-4832,Registrar autorização antes de tornar qualquer contato público.
alta,contact_authorization_required,inventory:pindobal:42,Pousada Tauari,Inventário da Secretaria de Turismo,Inventário da Oferta Turística da Secretaria de Turismo; página 57,contatos,(93) 99214-5169,Registrar autorização antes de tornar qualquer contato público.
alta,contact_authorization_required,inventory:pindobal:43,Pousada Sumauma,Inventário da Secretaria de Turismo,Inventário da Oferta Turística da Secretaria de Turismo; página 57,contatos,(93) 99139-0650,Registrar autorização antes de tornar qualquer contato público.
alta,contact_authorization_required,inventory:pindobal:44,Pousada Santos,Inventário da Secretaria de Turismo,Inventário da Oferta Turística da Secretaria de Turismo; página 57,contatos,(93) 99194-6323,Registrar autorização antes de tornar qualquer contato público.
média,far_from_route,inventory:pindobal:44,Pousada Santos,Inventário da Secretaria de Turismo,Inventário da Oferta Turística da Secretaria de Turismo; página 57,dist_rota_m,552.3,Confirmar se o ponto deve permanecer vinculado à rota de Pindobal.
alta,contact_authorization_required,inventory:pindobal:45,Hostel Lavi Alter,Inventário da Secretaria de Turismo,Inventário da Oferta Turística da Secretaria de Turismo; página 58,contatos,(93) 99221-8013,Registrar autorização antes de tornar qualquer contato público.
alta,contact_authorization_required,inventory:pindobal:46,Pousada Alter Chalé,Inventário da Secretaria de Turismo,Inventário da Oferta Turística da Secretaria de Turismo; página 58,contatos,(93) 99131-4533,Registrar autorização antes de tornar qualquer contato público.
alta,contact_authorization_required,inventory:pindobal:47,Pousada Villa Éden,Inventário da Secretaria de Turismo,Inventário da Oferta Turística da Secretaria de Turismo; página 58,contatos,(93) 99221-4158,Registrar autorização antes de tornar qualquer contato público.
alta,contact_authorization_required,inventory:pindobal:48,Pousada Casa da Árvore Alter,Inventário da Secretaria de Turismo,Inventário da Oferta Turística da Secretaria de Turismo; página 59,contatos,(21) 98237-5720,Registrar autorização antes de tornar qualquer contato público.
média,far_from_route,inventory:pindobal:48,Pousada Casa da Árvore Alter,Inventário da Secretaria de Turismo,Inventário da Oferta Turística da Secretaria de Turismo; página 59,dist_rota_m,661.4,Confirmar se o ponto deve permanecer vinculado à rota de Pindobal.
alta,contact_authorization_required,inventory:pindobal:49,Pousada Flora,Inventário da Secretaria de Turismo,Inventário da Oferta Turística da Secretaria de Turismo; página 60,contatos,(93) 99164-5760,Registrar autorização antes de tornar qualquer contato público.
média,far_from_route,inventory:pindobal:49,Pousada Flora,Inventário da Secretaria de Turismo,Inventário da Oferta Turística da Secretaria de Turismo; página 60,dist_rota_m,571.5,Confirmar se o ponto deve permanecer vinculado à rota de Pindobal.
alta,contact_authorization_required,inventory:pindobal:50,Pousada Lumi,Inventário da Secretaria de Turismo,Inventário da Oferta Turística da Secretaria de Turismo; página 61,contatos,(93) 99244-1889,Registrar autorização antes de tornar qualquer contato público.
alta,contact_authorization_required,inventory:pindobal:51,Pousada Chalés da Ilha,Inventário da Secretaria de Turismo,Inventário da Oferta Turística da Secretaria de Turismo; página 61,contatos,(93) 99118-1184,Registrar autorização antes de tornar qualquer contato público.
média,far_from_route,inventory:pindobal:51,Pousada Chalés da Ilha,Inventário da Secretaria de Turismo,Inventário da Oferta Turística da Secretaria de Turismo; página 61,dist_rota_m,683.4,Confirmar se o ponto deve permanecer vinculado à rota de Pindobal.
alta,contact_authorization_required,inventory:pindobal:52,Pousada Vila Flor,Inventário da Secretaria de Turismo,Inventário da Oferta Turística da Secretaria de Turismo; página 61,contatos,(11) 99177-2885,Registrar autorização antes de tornar qualquer contato público.
alta,contact_authorization_required,inventory:pindobal:53,Pousada Cunhantã,Inventário da Secretaria de Turismo,Inventário da Oferta Turística da Secretaria de Turismo; página 62,contatos,pousadacunhanta@gmail.com,Registrar autorização antes de tornar qualquer contato público.
média,invalid_instagram,inventory:pindobal:53,Pousada Cunhantã,Inventário da Secretaria de Turismo,Inventário da Oferta Turística da Secretaria de Turismo; página 62,instagram,@pousadacunhantã,Confirmar o usuário e informar a URL HTTPS completa.
alta,contact_authorization_required,inventory:pindobal:54,Pousada Recanto Alter do Chão,Inventário da Secretaria de Turismo,Inventário da Oferta Turística da Secretaria de Turismo; página 62,contatos,(93) 99191-2805,Registrar autorização antes de tornar qualquer contato público.
média,far_from_route,inventory:pindobal:54,Pousada Recanto Alter do Chão,Inventário da Secretaria de Turismo,Inventário da Oferta Turística da Secretaria de Turismo; página 62,dist_rota_m,695.8,Confirmar se o ponto deve permanecer vinculado à rota de Pindobal.
alta,contact_authorization_required,inventory:pindobal:55,Pousada Flor de Alter,Inventário da Secretaria de Turismo,Inventário da Oferta Turística da Secretaria de Turismo; página 62,contatos,(93) 99230-1954,Registrar autorização antes de tornar qualquer contato público.
alta,contact_authorization_required,inventory:pindobal:56,Pousada Sorriso da Mata,Inventário da Secretaria de Turismo,Inventário da Oferta Turística da Secretaria de Turismo; página 62,contatos,(93) 99197-3675,Registrar autorização antes de tornar qualquer contato público.
alta,contact_authorization_required,inventory:pindobal:57,Pousada Saimiri,Inventário da Secretaria de Turismo,Inventário da Oferta Turística da Secretaria de Turismo; página 62,contatos,(61) 98163-5602,Registrar autorização antes de tornar qualquer contato público.
alta,contact_authorization_required,inventory:pindobal:58,Hostel Albergue da Floresta,Inventário da Secretaria de Turismo,Inventário da Oferta Turística da Secretaria de Turismo; página 63,contatos,alberguedafloresta@hotmail.com,Registrar autorização antes de tornar qualquer contato público.
média,far_from_route,inventory:pindobal:58,Hostel Albergue da Floresta,Inventário da Secretaria de Turismo,Inventário da Oferta Turística da Secretaria de Turismo; página 63,dist_rota_m,676.4,Confirmar se o ponto deve permanecer vinculado à rota de Pindobal.
alta,contact_authorization_required,inventory:pindobal:59,Pousada Vila Ypawua,Inventário da Secretaria de Turismo,Inventário da Oferta Turística da Secretaria de Turismo; página 63,contatos,(93) 99141-3445,Registrar autorização antes de tornar qualquer contato público.
média,far_from_route,inventory:pindobal:59,Pousada Vila Ypawua,Inventário da Secretaria de Turismo,Inventário da Oferta Turística da Secretaria de Turismo; página 63,dist_rota_m,641.9,Confirmar se o ponto deve permanecer vinculado à rota de Pindobal.
alta,contact_authorization_required,inventory:pindobal:60,Pousada Arara,Inventário da Secretaria de Turismo,Inventário da Oferta Turística da Secretaria de Turismo; página 64,contatos,(93) 99154-1123 / 99244-1324 / 99154-1536,Registrar autorização antes de tornar qualquer contato público.
baixa,email_cleaned,inventory:pindobal:60,Pousada Arara,Inventário da Secretaria de Turismo,Inventário da Oferta Turística da Secretaria de Turismo; página 64,email,pousadaararaalterdochao@gmail.com UH: 15 - Leitos: 46,Confirmar o e-mail normalizado: pousadaararaalterdochao@gmail.com
alta,contact_authorization_required,inventory:pindobal:61,Pousada Belas Praias,Inventário da Secretaria de Turismo,Inventário da Oferta Turística da Secretaria de Turismo; página 64,contatos,(93) 99225-8195 / 99145-9595 / 99232-9944,Registrar autorização antes de tornar qualquer contato público.
média,multiple_emails,inventory:pindobal:61,Pousada Belas Praias,Inventário da Secretaria de Turismo,Inventário da Oferta Turística da Secretaria de Turismo; página 64,email,belaspraias@gmail.com / contato@pousadabelaspraias.com.br,Escolher o e-mail público principal.
baixa,website_cleaned,inventory:pindobal:61,Pousada Belas Praias,Inventário da Secretaria de Turismo,Inventário da Oferta Turística da Secretaria de Turismo; página 64,site,www.pousadabelaspraias.com.br,Confirmar a URL normalizada: https://www.pousadabelaspraias.com.br
alta,contact_authorization_required,inventory:pindobal:62,Pousada Cabocla,Inventário da Secretaria de Turismo,Inventário da Oferta Turística da Secretaria de Turismo; página 64,contatos,(93) 98122-4914 / 99143-9862,Registrar autorização antes de tornar qualquer contato público.
baixa,website_cleaned,inventory:pindobal:62,Pousada Cabocla,Inventário da Secretaria de Turismo,Inventário da Oferta Turística da Secretaria de Turismo; página 64,site,www.pousadacabocla.com.br,Confirmar a URL normalizada: https://www.pousadacabocla.com.br
alta,contact_authorization_required,inventory:pindobal:63,Pousada Coração Verde,Inventário da Secretaria de Turismo,Inventário da Oferta Turística da Secretaria de Turismo; página 64,contatos,(93) 99145-7005 / 99111-3335 / 99198-2039,Registrar autorização antes de tornar qualquer contato público.
baixa,website_cleaned,inventory:pindobal:63,Pousada Coração Verde,Inventário da Secretaria de Turismo,Inventário da Oferta Turística da Secretaria de Turismo; página 64,site,www.pousadaehostelalterdochao.coracaoverde.com,Confirmar a URL normalizada: https://www.pousadaehostelalterdochao.coracaoverde.com
alta,contact_authorization_required,inventory:pindobal:64,Pousada Encantos da Amazônia,Inventário da Secretaria de Turismo,Inventário da Oferta Turística da Secretaria de Turismo; página 65,contatos,(93) 99123-9115 / 98421-8321,Registrar autorização antes de tornar qualquer contato público.
baixa,email_cleaned,inventory:pindobal:64,Pousada Encantos da Amazônia,Inventário da Secretaria de Turismo,Inventário da Oferta Turística da Secretaria de Turismo; página 65,email,pousadaencantosdaamazonia@gmail.com UH: 10 - Leitos: 30,Confirmar o e-mail normalizado: pousadaencantosdaamazonia@gmail.com
alta,contact_authorization_required,inventory:pindobal:65,Pousada Lago Verde,Inventário da Secretaria de Turismo,Inventário da Oferta Turística da Secretaria de Turismo; página 65,contatos,(93) 99166-0677,Registrar autorização antes de tornar qualquer contato público.
baixa,email_cleaned,inventory:pindobal:65,Pousada Lago Verde,Inventário da Secretaria de Turismo,Inventário da Oferta Turística da Secretaria de Turismo; página 65,email,pousada-lagoverde@hotmail.com UH: 5 - Leitos: 15,Confirmar o e-mail normalizado: pousada-lagoverde@hotmail.com
alta,contact_authorization_required,inventory:pindobal:66,Pousada do Mingote,Inventário da Secretaria de Turismo,Inventário da Oferta Turística da Secretaria de Turismo; página 65,contatos,(93) 99105-6758 / 99182-1794 / 99116-8962,Registrar autorização antes de tornar qualquer contato público.
alta,contact_authorization_required,inventory:pindobal:67,Pousada Serra da Lua,Inventário da Secretaria de Turismo,Inventário da Oferta Turística da Secretaria de Turismo; página 65,contatos,(93) 99174-6202,Registrar autorização antes de tornar qualquer contato público.
baixa,website_cleaned,inventory:pindobal:67,Pousada Serra da Lua,Inventário da Secretaria de Turismo,Inventário da Oferta Turística da Secretaria de Turismo; página 65,site,www.pousadaserradalua.blogspot.com/ Serviço e instalações: Possui piscina UH: 8 - Leitos: 23,Confirmar a URL normalizada: https://www.pousadaserradalua.blogspot.com
alta,contact_authorization_required,inventory:pindobal:68,Pousada Sombra do Cajueiro,Inventário da Secretaria de Turismo,Inventário da Oferta Turística da Secretaria de Turismo; página 66,contatos,(93) 99165-0345 / 99179-0556,Registrar autorização antes de tornar qualquer contato público.
baixa,website_cleaned,inventory:pindobal:68,Pousada Sombra do Cajueiro,Inventário da Secretaria de Turismo,Inventário da Oferta Turística da Secretaria de Turismo; página 66,site,www.pousadasombradocajueiro.com.br UH: 7 - Leitos: 18,Confirmar a URL normalizada: https://www.pousadasombradocajueiro.com.br
média,far_from_route,inventory:pindobal:68,Pousada Sombra do Cajueiro,Inventário da Secretaria de Turismo,Inventário da Oferta Turística da Secretaria de Turismo; página 66,dist_rota_m,548.0,Confirmar se o ponto deve permanecer vinculado à rota de Pindobal.
alta,contact_authorization_required,inventory:pindobal:69,Hotel Terra Nativa,Inventário da Secretaria de Turismo,Inventário da Oferta Turística da Secretaria de Turismo; página 66,contatos,(93) 99231-1515,Registrar autorização antes de tornar qualquer contato público.
baixa,website_cleaned,inventory:pindobal:69,Hotel Terra Nativa,Inventário da Secretaria de Turismo,Inventário da Oferta Turística da Secretaria de Turismo; página 66,site,"www.pousadaterranativa.blogspot.com/ Serviço e instalações: Tv a cabo, armador de rede UH: 8 - Leitos: 20",Confirmar a URL normalizada: https://www.pousadaterranativa.blogspot.com
alta,contact_authorization_required,inventory:pindobal:70,Pousada Tropicaliente,Inventário da Secretaria de Turismo,Inventário da Oferta Turística da Secretaria de Turismo; página 66,contatos,(93) 99206-1332 / 99908-4203,Registrar autorização antes de tornar qualquer contato público.
baixa,email_cleaned,inventory:pindobal:70,Pousada Tropicaliente,Inventário da Secretaria de Turismo,Inventário da Oferta Turística da Secretaria de Turismo; página 66,email,lourdes.alter@gmail.com UH: 10 - Leitos: 21,Confirmar o e-mail normalizado: lourdes.alter@gmail.com
alta,contact_authorization_required,inventory:pindobal:71,Pousada Tupaiulândia,Inventário da Secretaria de Turismo,Inventário da Oferta Turística da Secretaria de Turismo; página 66,contatos,(93) 99125-6258,Registrar autorização antes de tornar qualquer contato público.
baixa,email_cleaned,inventory:pindobal:71,Pousada Tupaiulândia,Inventário da Secretaria de Turismo,Inventário da Oferta Turística da Secretaria de Turismo; página 66,email,pousadatupaiulandia@hotmail.com / pousada-tupaiulandia.blogspot.com/ UH: 6 - Leitos: 24,Confirmar o e-mail normalizado: pousadatupaiulandia@hotmail.com
alta,contact_authorization_required,inventory:pindobal:72,Pousada Vila da Praia,Inventário da Secretaria de Turismo,Inventário da Oferta Turística da Secretaria de Turismo; página 67,contatos,(93) 99121-5914 / 99132-4545 / 99197-7214,Registrar autorização antes de tornar qualquer contato público.
média,multiple_emails,inventory:pindobal:72,Pousada Vila da Praia,Inventário da Secretaria de Turismo,Inventário da Oferta Turística da Secretaria de Turismo; página 67,email,viladapraiaalter@hotmail.com / reservas@villadapraiapousada.com.br,Escolher o e-mail público principal.
baixa,website_cleaned,inventory:pindobal:72,Pousada Vila da Praia,Inventário da Secretaria de Turismo,Inventário da Oferta Turística da Secretaria de Turismo; página 67,site,"www.pousadaviladapraia.negocio.site/ Serviço e instalações: Possui piscina, churrasqueira UH: 23 - Leitos: 70",Confirmar a URL normalizada: https://www.pousadaviladapraia.negocio.site
alta,contact_authorization_required,inventory:pindobal:73,Pousada Ecoalter Turismo,Inventário da Secretaria de Turismo,Inventário da Oferta Turística da Secretaria de Turismo; página 67,contatos,(93) 99133-5942 / 99154-3155,Registrar autorização antes de tornar qualquer contato público.
baixa,email_cleaned,inventory:pindobal:73,Pousada Ecoalter Turismo,Inventário da Secretaria de Turismo,Inventário da Oferta Turística da Secretaria de Turismo; página 67,email,"sirotheaueventur@gmail.com Serviço e instalações: Traslado Aero X Htl X Aero, wi-fi grátis, TV a cabo, lavanderia, es- tacionamento UH: 4 - Leitos: 20",Confirmar o e-mail normalizado: sirotheaueventur@gmail.com
alta,contact_authorization_required,inventory:pindobal:74,Vila Alter Pousada Boutique Amazônia,Inventário da Secretaria de Turismo,Inventário da Oferta Turística da Secretaria de Turismo; página 67,contatos,(93) 99212-2338 / 99101-1891,Registrar autorização antes de tornar qualquer contato público.
alta,contact_authorization_required,inventory:pindobal:75,Pousada Vila Alter,Inventário da Secretaria de Turismo,Inventário da Oferta Turística da Secretaria de Turismo; página 67,contatos,(93) 99173-9772,Registrar autorização antes de tornar qualquer contato público.
baixa,website_cleaned,inventory:pindobal:75,Pousada Vila Alter,Inventário da Secretaria de Turismo,Inventário da Oferta Turística da Secretaria de Turismo; página 67,site,www.pousadavilaalter.blogspot.com/ UH: 10 - Leitos: 33,Confirmar a URL normalizada: https://www.pousadavilaalter.blogspot.com
alta,contact_authorization_required,inventory:pindobal:76,Pousada Carimbó,Inventário da Secretaria de Turismo,Inventário da Oferta Turística da Secretaria de Turismo; página 68,contatos,(93) 99137-9724,Registrar autorização antes de tornar qualquer contato público.
alta,contact_authorization_required,inventory:pindobal:77,Pousada e Restaurante Amazônia,Inventário da Secretaria de Turismo,Inventário da Oferta Turística da Secretaria de Turismo; página 68,contatos,(93) 99137-7635 / 99127-4669,Registrar autorização antes de tornar qualquer contato público.
alta,invalid_website,inventory:pindobal:77,Pousada e Restaurante Amazônia,Inventário da Secretaria de Turismo,Inventário da Oferta Turística da Secretaria de Turismo; página 68,site,"pousadarestauranteamazonia.com.br Serviço e instalações: Wi-fi grátis, restaurante, bar, estacionamento UH: 10 - Leitos: 30",Confirmar e informar uma URL HTTPS válida.
média,far_from_route,inventory:pindobal:77,Pousada e Restaurante Amazônia,Inventário da Secretaria de Turismo,Inventário da Oferta Turística da Secretaria de Turismo; página 68,dist_rota_m,762.1,Confirmar se o ponto deve permanecer vinculado à rota de Pindobal.
alta,contact_authorization_required,inventory:pindobal:78,Hostel Caju,Inventário da Secretaria de Turismo,Inventário da Oferta Turística da Secretaria de Turismo; página 68,contatos,(91) 98514-8528,Registrar autorização antes de tornar qualquer contato público.
média,multiple_emails,inventory:pindobal:78,Hostel Caju,Inventário da Secretaria de Turismo,Inventário da Oferta Turística da Secretaria de Turismo; página 68,email,altercajuhostel@gmail.com / keelymeireles@gmail.com UH: 4 - Leitos: 13,Escolher o e-mail público principal.
alta,contact_authorization_required,inventory:pindobal:79,Hostel Don Preguiça,Inventário da Secretaria de Turismo,Inventário da Oferta Turística da Secretaria de Turismo; página 68,contatos,(93) 99164-7394 / 99163-9399 / 3016-0139,Registrar autorização antes de tornar qualquer contato público.
baixa,website_cleaned,inventory:pindobal:79,Hostel Don Preguiça,Inventário da Secretaria de Turismo,Inventário da Oferta Turística da Secretaria de Turismo; página 68,site,"www.donpreguicahostel.com.br/ Serviço e instalações: Tranfer, wi-fi grátis, city tour, cozinha comunitária UH: 7 - Leitos: 27",Confirmar a URL normalizada: https://www.donpreguicahostel.com.br
alta,contact_authorization_required,inventory:pindobal:80,Pousada Alterosa,Inventário da Secretaria de Turismo,Inventário da Oferta Turística da Secretaria de Turismo; página 68,contatos,(93) 99954-1036,Registrar autorização antes de tornar qualquer contato público.
alta,contact_authorization_required,inventory:pindobal:81,Pousada Ximango - Alter do Chão,Inventário da Secretaria de Turismo,Inventário da Oferta Turística da Secretaria de Turismo; página 69,contatos,(93) 99191-5295,Registrar autorização antes de tornar qualquer contato público.
baixa,website_cleaned,inventory:pindobal:81,Pousada Ximango - Alter do Chão,Inventário da Secretaria de Turismo,Inventário da Oferta Turística da Secretaria de Turismo; página 69,site,"www.pousadaximango.com/pt-br Serviço e instalações: Transfer (custo adicional), wi-fi grátis, parque infantil, cozinha compartilhada, quartos para família, lavanderia compartilhada UH: 6 - Leitos: 18",Confirmar a URL normalizada: https://www.pousadaximango.com/pt-br
alta,contact_authorization_required,inventory:pindobal:82,Redário Surara,Inventário da Secretaria de Turismo,Inventário da Oferta Turística da Secretaria de Turismo; página 69,contatos,(93) 99227-5460 / 99133-1373,Registrar autorização antes de tornar qualquer contato público.
baixa,email_cleaned,inventory:pindobal:82,Redário Surara,Inventário da Secretaria de Turismo,Inventário da Oferta Turística da Secretaria de Turismo; página 69,email,Redarioalterdochao@gmail.com UH: 2 - Leitos: 6,Confirmar o e-mail normalizado: Redarioalterdochao@gmail.com
média,far_from_route,inventory:pindobal:82,Redário Surara,Inventário da Secretaria de Turismo,Inventário da Oferta Turística da Secretaria de Turismo; página 69,dist_rota_m,725.6,Confirmar se o ponto deve permanecer vinculado à rota de Pindobal.
alta,contact_authorization_required,inventory:pindobal:83,Redário Botos de Alter,Inventário da Secretaria de Turismo,Inventário da Oferta Turística da Secretaria de Turismo; página 69,contatos,(93) 99186-7151,Registrar autorização antes de tornar qualquer contato público.
alta,contact_authorization_required,inventory:pindobal:84,Pousada Pedra do Sol,Inventário da Secretaria de Turismo,Inventário da Oferta Turística da Secretaria de Turismo; página 70,contatos,(93) 99144-0434,Registrar autorização antes de tornar qualquer contato público.
baixa,email_cleaned,inventory:pindobal:84,Pousada Pedra do Sol,Inventário da Secretaria de Turismo,Inventário da Oferta Turística da Secretaria de Turismo; página 70,email,dari.lenepinheiro@hotmail.com UH: 5 - Leitos: 20,Confirmar o e-mail normalizado: dari.lenepinheiro@hotmail.com
alta,contact_authorization_required,inventory:pindobal:85,Pousada TerrAmor Amazon,Inventário da Secretaria de Turismo,Inventário da Oferta Turística da Secretaria de Turismo; página 70,contatos,(93) 99170-0707 / 991913584,Registrar autorização antes de tornar qualquer contato público.
baixa,website_cleaned,inventory:pindobal:85,Pousada TerrAmor Amazon,Inventário da Secretaria de Turismo,Inventário da Oferta Turística da Secretaria de Turismo; página 70,site,www.terramor.com.br/,Confirmar a URL normalizada: https://www.terramor.com.br
alta,contact_authorization_required,inventory:pindobal:86,Pousada Recanto da Madá,Inventário da Secretaria de Turismo,Inventário da Oferta Turística da Secretaria de Turismo; página 71,contatos,(93) 99177-6346 / 99106-1969 / 99197-2647,Registrar autorização antes de tornar qualquer contato público.
alta,contact_authorization_required,inventory:pindobal:87,Chalé Carauari,Inventário da Secretaria de Turismo,Inventário da Oferta Turística da Secretaria de Turismo; página 71,contatos,(93) 99131-7782,Registrar autorização antes de tornar qualquer contato público.
alta,contact_authorization_required,inventory:pindobal:88,Pousada Vipayu,Inventário da Secretaria de Turismo,Inventário da Oferta Turística da Secretaria de Turismo; página 71,contatos,(93) 99182-6637,Registrar autorização antes de tornar qualquer contato público.
alta,contact_authorization_required,inventory:pindobal:89,Pousada Nosso Canto Alter,Inventário da Secretaria de Turismo,Inventário da Oferta Turística da Secretaria de Turismo; página 71,contatos,(93) 99229-4899,Registrar autorização antes de tornar qualquer contato público.
alta,contact_authorization_required,inventory:pindobal:90,Pousada Ocazum,Inventário da Secretaria de Turismo,Inventário da Oferta Turística da Secretaria de Turismo; página 72,contatos,(93) 99123-2885,Registrar autorização antes de tornar qualquer contato público.
alta,contact_authorization_required,inventory:pindobal:91,Pousada Ocazum Ilha do Amor,Inventário da Secretaria de Turismo,Inventário da Oferta Turística da Secretaria de Turismo; página 72,contatos,(93) 99123-2885,Registrar autorização antes de tornar qualquer contato público.
alta,contact_authorization_required,inventory:pindobal:92,Pousada Tupaiu,Inventário da Secretaria de Turismo,Inventário da Oferta Turística da Secretaria de Turismo; página 72,contatos,(93) 99151-8302,Registrar autorização antes de tornar qualquer contato público.
alta,contact_authorization_required,inventory:pindobal:93,Pousada Alter,Inventário da Secretaria de Turismo,Inventário da Oferta Turística da Secretaria de Turismo; página 72,contatos,(93) 99234-0148,Registrar autorização antes de tornar qualquer contato público.
alta,contact_authorization_required,inventory:pindobal:94,Pousada Angatu,Inventário da Secretaria de Turismo,Inventário da Oferta Turística da Secretaria de Turismo; página 73,contatos,angatualterpousada@gmail.com,Registrar autorização antes de tornar qualquer contato público.
alta,contact_authorization_required,inventory:pindobal:95,Pousada Açairé de Alter,Inventário da Secretaria de Turismo,Inventário da Oferta Turística da Secretaria de Turismo; página 73,contatos,(93) 98817-1709,Registrar autorização antes de tornar qualquer contato público.
alta,contact_authorization_required,inventory:pindobal:96,Pousada Vila Arumã,Inventário da Secretaria de Turismo,Inventário da Oferta Turística da Secretaria de Turismo; página 73,contatos,(93) 99129-4074,Registrar autorização antes de tornar qualquer contato público.
alta,contact_authorization_required,inventory:pindobal:97,Pousada Nosso Canto,Inventário da Secretaria de Turismo,Inventário da Oferta Turística da Secretaria de Turismo; página 73,contatos,(93) 9229-4899,Registrar autorização antes de tornar qualquer contato público.
alta,contact_authorization_required,inventory:pindobal:98,Pousada Serena,Inventário da Secretaria de Turismo,Inventário da Oferta Turística da Secretaria de Turismo; página 73,contatos,(65) 99932-7308,Registrar autorização antes de tornar qualquer contato público.
alta,contact_authorization_required,inventory:pindobal:99,Pousada Recanto Maguary,Inventário da Secretaria de Turismo,Inventário da Oferta Turística da Secretaria de Turismo; página 74,contatos,(93) 99124-5907,Registrar autorização antes de tornar qualquer contato público.
alta,contact_authorization_required,inventory:pindobal:100,Pousada Oriental,Inventário da Secretaria de Turismo,Inventário da Oferta Turística da Secretaria de Turismo; página 74,contatos,(93) 99124-2880 / 99180-8044,Registrar autorização antes de tornar qualquer contato público.
alta,contact_authorization_required,inventory:pindobal:101,Pousada Dona Julia,Inventário da Secretaria de Turismo,Inventário da Oferta Turística da Secretaria de Turismo; página 74,contatos,(93) 99101-5396,Registrar autorização antes de tornar qualquer contato público.
alta,contact_authorization_required,inventory:pindobal:102,Pousada Manacá,Inventário da Secretaria de Turismo,Inventário da Oferta Turística da Secretaria de Turismo; página 75,contatos,(93) 99197-5755,Registrar autorização antes de tornar qualquer contato público.
alta,contact_authorization_required,inventory:pindobal:103,Alter Villa Suítes,Inventário da Secretaria de Turismo,Inventário da Oferta Turística da Secretaria de Turismo; página 75,contatos,(93) 99107-7204,Registrar autorização antes de tornar qualquer contato público.
alta,contact_authorization_required,inventory:pindobal:104,Pousada Águas de Alter,Inventário da Secretaria de Turismo,Inventário da Oferta Turística da Secretaria de Turismo; página 75,contatos,(93) 99101-0928,Registrar autorização antes de tornar qualquer contato público.
alta,contact_authorization_required,inventory:pindobal:105,Casa da Vila Alter do Chão,Inventário da Secretaria de Turismo,Inventário da Oferta Turística da Secretaria de Turismo; página 75,contatos,(93) 99114-6461,Registrar autorização antes de tornar qualquer contato público.
alta,contact_authorization_required,inventory:pindobal:106,Pousada Canto Verde Alter,Inventário da Secretaria de Turismo,Inventário da Oferta Turística da Secretaria de Turismo; página 75,contatos,(93) 99128-9639,Registrar autorização antes de tornar qualquer contato público.
alta,contact_authorization_required,inventory:pindobal:107,Pousada Vila Sairé,Inventário da Secretaria de Turismo,Inventário da Oferta Turística da Secretaria de Turismo; página 76,contatos,(93) 99202-0101,Registrar autorização antes de tornar qualquer contato público.
alta,contact_authorization_required,inventory:pindobal:108,Pousada Espaço Sairé,Inventário da Secretaria de Turismo,Inventário da Oferta Turística da Secretaria de Turismo; página 76,contatos,(93) 99154-3449,Registrar autorização antes de tornar qualquer contato público.
alta,contact_authorization_required,inventory:pindobal:109,Pousada Sombra do Jambeiro,Inventário da Secretaria de Turismo,Inventário da Oferta Turística da Secretaria de Turismo; página 76,contatos,(93) 99117-2009,Registrar autorização antes de tornar qualquer contato público.
alta,contact_authorization_required,inventory:pindobal:110,Pousada Vila AMZ,Inventário da Secretaria de Turismo,Inventário da Oferta Turística da Secretaria de Turismo; página 77,contatos,(11) 93390-4626,Registrar autorização antes de tornar qualquer contato público.
média,far_from_route,inventory:pindobal:110,Pousada Vila AMZ,Inventário da Secretaria de Turismo,Inventário da Oferta Turística da Secretaria de Turismo; página 77,dist_rota_m,673.0,Confirmar se o ponto deve permanecer vinculado à rota de Pindobal.
alta,contact_authorization_required,inventory:pindobal:111,Pousada Tenda WA,Inventário da Secretaria de Turismo,Inventário da Oferta Turística da Secretaria de Turismo; página 77,contatos,(93) 98406-2422,Registrar autorização antes de tornar qualquer contato público.
alta,contact_authorization_required,inventory:pindobal:112,Pousada Casa Orquídeas,Inventário da Secretaria de Turismo,Inventário da Oferta Turística da Secretaria de Turismo; página 77,contatos,(93) 98127-7733,Registrar autorização antes de tornar qualquer contato público.
média,far_from_route,inventory:pindobal:112,Pousada Casa Orquídeas,Inventário da Secretaria de Turismo,Inventário da Oferta Turística da Secretaria de Turismo; página 77,dist_rota_m,568.9,Confirmar se o ponto deve permanecer vinculado à rota de Pindobal.
alta,contact_authorization_required,inventory:pindobal:113,Pousada Cardume,Inventário da Secretaria de Turismo,Inventário da Oferta Turística da Secretaria de Turismo; página 77,contatos,(93) 99201-3970,Registrar autorização antes de tornar qualquer contato público.
alta,contact_authorization_required,inventory:pindobal:114,Pousada Chalé Caribe,Inventário da Secretaria de Turismo,Inventário da Oferta Turística da Secretaria de Turismo; página 77,contatos,(93) 99138-3540,Registrar autorização antes de tornar qualquer contato público.
alta,contact_authorization_required,inventory:pindobal:115,Pousada Vila Mota Alter,Inventário da Secretaria de Turismo,Inventário da Oferta Turística da Secretaria de Turismo; página 77,contatos,(93) 99121-4674,Registrar autorização antes de tornar qualquer contato público.
alta,contact_authorization_required,inventory:pindobal:116,Pousada Caminho das Pedras,Inventário da Secretaria de Turismo,Inventário da Oferta Turística da Secretaria de Turismo; página 78,contatos,(93) 99131-6057 / 992246436,Registrar autorização antes de tornar qualquer contato público.
alta,contact_authorization_required,inventory:pindobal:117,My Home Alter e Hospedagem,Inventário da Secretaria de Turismo,Inventário da Oferta Turística da Secretaria de Turismo; página 78,contatos,(93) 99167-8543,Registrar autorização antes de tornar qualquer contato público.
média,far_from_route,inventory:pindobal:117,My Home Alter e Hospedagem,Inventário da Secretaria de Turismo,Inventário da Oferta Turística da Secretaria de Turismo; página 78,dist_rota_m,911.8,Confirmar se o ponto deve permanecer vinculado à rota de Pindobal.
alta,contact_authorization_required,inventory:pindobal:118,Mizu Spa e Hospedagem,Inventário da Secretaria de Turismo,Inventário da Oferta Turística da Secretaria de Turismo; página 78,contatos,(93) 99236-1265,Registrar autorização antes de tornar qualquer contato público.
alta,contact_authorization_required,inventory:pindobal:119,Casa de Alter,Inventário da Secretaria de Turismo,Inventário da Oferta Turística da Secretaria de Turismo; página 78,contatos,(93) 99146-6150,Registrar autorização antes de tornar qualquer contato público.
alta,contact_authorization_required,inventory:pindobal:120,Casa Estrela de Alter,Inventário da Secretaria de Turismo,Inventário da Oferta Turística da Secretaria de Turismo; página 79,contatos,(93) 99107-8589,Registrar autorização antes de tornar qualquer contato público.
alta,contact_authorization_required,inventory:pindobal:121,Hospedagem House LEH,Inventário da Secretaria de Turismo,Inventário da Oferta Turística da Secretaria de Turismo; página 79,contatos,(93) 99193-4564,Registrar autorização antes de tornar qualquer contato público.
alta,contact_authorization_required,inventory:pindobal:122,Suíte Vila da Águas,Inventário da Secretaria de Turismo,Inventário da Oferta Turística da Secretaria de Turismo; página 79,contatos,(93) 99243-6147,Registrar autorização antes de tornar qualquer contato público.
média,far_from_route,inventory:pindobal:122,Suíte Vila da Águas,Inventário da Secretaria de Turismo,Inventário da Oferta Turística da Secretaria de Turismo; página 79,dist_rota_m,638.4,Confirmar se o ponto deve permanecer vinculado à rota de Pindobal.
alta,contact_authorization_required,inventory:pindobal:123,Casa Beco do Amor,Inventário da Secretaria de Turismo,Inventário da Oferta Turística da Secretaria de Turismo; página 79,contatos,(93) 99161-9169,Registrar autorização antes de tornar qualquer contato público.
alta,contact_authorization_required,inventory:pindobal:124,Casinha Beco do Amor,Inventário da Secretaria de Turismo,Inventário da Oferta Turística da Secretaria de Turismo; página 79,contatos,(93) 99121-4710,Registrar autorização antes de tornar qualquer contato público.
alta,contact_authorization_required,inventory:pindobal:125,Casa Chalé Mucajá,Inventário da Secretaria de Turismo,Inventário da Oferta Turística da Secretaria de Turismo; página 79,contatos,(93) 99121-4710,Registrar autorização antes de tornar qualquer contato público.
alta,contact_authorization_required,inventory:pindobal:126,Casa das Guaribas,Inventário da Secretaria de Turismo,Inventário da Oferta Turística da Secretaria de Turismo; página 81,contatos,(93) 99225-7197,Registrar autorização antes de tornar qualquer contato público.
alta,contact_authorization_required,inventory:pindobal:127,À Dorê Restaurante,Inventário da Secretaria de Turismo,Inventário da Oferta Turística da Secretaria de Turismo; página 82,contatos,+55 93 98407-3494,Registrar autorização antes de tornar qualquer contato público.
alta,contact_authorization_required,inventory:pindobal:128,Churrasco Baião De Dois,Inventário da Secretaria de Turismo,Inventário da Oferta Turística da Secretaria de Turismo; página 87,contatos,+55 93 99214-2417,Registrar autorização antes de tornar qualquer contato público.
alta,contact_authorization_required,inventory:pindobal:129,Salgaderia Imperial,Inventário da Secretaria de Turismo,Inventário da Oferta Turística da Secretaria de Turismo; página 87,contatos,+55 93 99131-7116,Registrar autorização antes de tornar qualquer contato público.
alta,contact_authorization_required,inventory:pindobal:130,Galpão Cozinha Rustica,Inventário da Secretaria de Turismo,Inventário da Oferta Turística da Secretaria de Turismo; página 91,contatos,+55 93 98426-0756,Registrar autorização antes de tornar qualquer contato público.
alta,contact_authorization_required,inventory:pindobal:131,Chapa Quente Fernan,Inventário da Secretaria de Turismo,Inventário da Oferta Turística da Secretaria de Turismo; página 92,contatos,+55 93 99130-2050,Registrar autorização antes de tornar qualquer contato público.
média,missing_address,inventory:pindobal:132,Dulce bar Alter,Inventário da Secretaria de Turismo,Inventário da Oferta Turística da Secretaria de Turismo; página 94,endereco,,Confirmar endereço ou indicar atendimento móvel.
alta,contact_authorization_required,inventory:pindobal:132,Dulce bar Alter,Inventário da Secretaria de Turismo,Inventário da Oferta Turística da Secretaria de Turismo; página 94,contatos,(93) 9121-8256 / 99111-6162,Registrar autorização antes de tornar qualquer contato público.
média,far_from_route,inventory:pindobal:132,Dulce bar Alter,Inventário da Secretaria de Turismo,Inventário da Oferta Turística da Secretaria de Turismo; página 94,dist_rota_m,648.9,Confirmar se o ponto deve permanecer vinculado à rota de Pindobal.
média,missing_address,inventory:pindobal:133,Ramir'as bar,Inventário da Secretaria de Turismo,Inventário da Oferta Turística da Secretaria de Turismo; página 95,endereco,,Confirmar endereço ou indicar atendimento móvel.
alta,contact_authorization_required,inventory:pindobal:133,Ramir'as bar,Inventário da Secretaria de Turismo,Inventário da Oferta Turística da Secretaria de Turismo; página 95,contatos,(93) 99205-7943/9200-7685,Registrar autorização antes de tornar qualquer contato público.
média,far_from_route,inventory:pindobal:133,Ramir'as bar,Inventário da Secretaria de Turismo,Inventário da Oferta Turística da Secretaria de Turismo; página 95,dist_rota_m,689.1,Confirmar se o ponto deve permanecer vinculado à rota de Pindobal.
média,missing_address,inventory:pindobal:134,Bar e Restaurante Sereia,Inventário da Secretaria de Turismo,Inventário da Oferta Turística da Secretaria de Turismo; página 95,endereco,,Confirmar endereço ou indicar atendimento móvel.
alta,contact_authorization_required,inventory:pindobal:134,Bar e Restaurante Sereia,Inventário da Secretaria de Turismo,Inventário da Oferta Turística da Secretaria de Turismo; página 95,contatos,(93)99229-8006,Registrar autorização antes de tornar qualquer contato público.
média,far_from_route,inventory:pindobal:134,Bar e Restaurante Sereia,Inventário da Secretaria de Turismo,Inventário da Oferta Turística da Secretaria de Turismo; página 95,dist_rota_m,657.3,Confirmar se o ponto deve permanecer vinculado à rota de Pindobal.
média,missing_address,inventory:pindobal:135,Edilena's bar e Restaurante,Inventário da Secretaria de Turismo,Inventário da Oferta Turística da Secretaria de Turismo; página 96,endereco,,Confirmar endereço ou indicar atendimento móvel.
alta,contact_authorization_required,inventory:pindobal:135,Edilena's bar e Restaurante,Inventário da Secretaria de Turismo,Inventário da Oferta Turística da Secretaria de Turismo; página 96,contatos,(93)99241-7215,Registrar autorização antes de tornar qualquer contato público.
média,far_from_route,inventory:pindobal:135,Edilena's bar e Restaurante,Inventário da Secretaria de Turismo,Inventário da Oferta Turística da Secretaria de Turismo; página 96,dist_rota_m,714.0,Confirmar se o ponto deve permanecer vinculado à rota de Pindobal.
alta,contact_authorization_required,inventory:pindobal:136,Restaurante Arco-íris,Inventário da Secretaria de Turismo,Inventário da Oferta Turística da Secretaria de Turismo; página 96,contatos,arcoirisdaamazonia@bol.com.br,Registrar autorização antes de tornar qualquer contato público.
média,missing_contact,inventory:pindobal:137,Restaurante Casa do Saulo - Beloalter Hotel,Inventário da Secretaria de Turismo,Inventário da Oferta Turística da Secretaria de Turismo; página 96,contatos,,Confirmar ao menos um canal público autorizado.
média,far_from_route,inventory:pindobal:137,Restaurante Casa do Saulo - Beloalter Hotel,Inventário da Secretaria de Turismo,Inventário da Oferta Turística da Secretaria de Turismo; página 96,dist_rota_m,657.0,Confirmar se o ponto deve permanecer vinculado à rota de Pindobal.
alta,contact_authorization_required,inventory:pindobal:138,Restaurante Caranazal,Inventário da Secretaria de Turismo,Inventário da Oferta Turística da Secretaria de Turismo; página 96,contatos,crzrestaurante@yahoo.com.br,Registrar autorização antes de tornar qualquer contato público.
alta,contact_authorization_required,inventory:pindobal:139,Restaurante Espaço Gastronômico Alter do Chão,Inventário da Secretaria de Turismo,Inventário da Oferta Turística da Secretaria de Turismo; página 97,contatos,espacoalter@gmail.com,Registrar autorização antes de tornar qualquer contato público.
baixa,website_cleaned,inventory:pindobal:139,Restaurante Espaço Gastronômico Alter do Chão,Inventário da Secretaria de Turismo,Inventário da Oferta Turística da Secretaria de Turismo; página 97,site,www.espacoalter.com.br,Confirmar a URL normalizada: https://www.espacoalter.com.br
média,missing_contact,inventory:pindobal:140,Restaurante Lago Verde,Inventário da Secretaria de Turismo,Inventário da Oferta Turística da Secretaria de Turismo; página 97,contatos,,Confirmar ao menos um canal público autorizado.
alta,contact_authorization_required,inventory:pindobal:141,Restaurante Hotel Mirante da Ilha,Inventário da Secretaria de Turismo,Inventário da Oferta Turística da Secretaria de Turismo; página 97,contatos,mirantedailha@globo.com,Registrar autorização antes de tornar qualquer contato público.
média,far_from_route,inventory:pindobal:141,Restaurante Hotel Mirante da Ilha,Inventário da Secretaria de Turismo,Inventário da Oferta Turística da Secretaria de Turismo; página 97,dist_rota_m,587.0,Confirmar se o ponto deve permanecer vinculado à rota de Pindobal.
alta,contact_authorization_required,inventory:pindobal:142,Restaurante Parada Obrigatória,Inventário da Secretaria de Turismo,Inventário da Oferta Turística da Secretaria de Turismo; página 97,contatos,paradaobrigatoriaadc@gmail.com,Registrar autorização antes de tornar qualquer contato público.
média,missing_contact,inventory:pindobal:143,Restaurante Piracuí,Inventário da Secretaria de Turismo,Inventário da Oferta Turística da Secretaria de Turismo; página 97,contatos,,Confirmar ao menos um canal público autorizado.
alta,contact_authorization_required,inventory:pindobal:144,Restaurante Tribal,Inventário da Secretaria de Turismo,Inventário da Oferta Turística da Secretaria de Turismo; página 97,contatos,tribalrestaurante@hotmail.com,Registrar autorização antes de tornar qualquer contato público.
média,missing_contact,inventory:pindobal:145,Saborai Restaurante,Inventário da Secretaria de Turismo,Inventário da Oferta Turística da Secretaria de Turismo; página 98,contatos,,Confirmar ao menos um canal público autorizado.
média,missing_contact,inventory:pindobal:146,Restaurante Farol da Ilha,Inventário da Secretaria de Turismo,Inventário da Oferta Turística da Secretaria de Turismo; página 98,contatos,,Confirmar ao menos um canal público autorizado.
média,far_from_route,inventory:pindobal:146,Restaurante Farol da Ilha,Inventário da Secretaria de Turismo,Inventário da Oferta Turística da Secretaria de Turismo; página 98,dist_rota_m,514.6,Confirmar se o ponto deve permanecer vinculado à rota de Pindobal.
média,missing_contact,inventory:pindobal:147,Restaurante Italiano,Inventário da Secretaria de Turismo,Inventário da Oferta Turística da Secretaria de Turismo; página 98,contatos,,Confirmar ao menos um canal público autorizado.
alta,contact_authorization_required,inventory:pindobal:148,Espaço da Vovó - Cozinha Barraca da Tapioca,Inventário da Secretaria de Turismo,Inventário da Oferta Turística da Secretaria de Turismo; página 98,contatos,gabiqueiroz.368@gmail.com 194,Registrar autorização antes de tornar qualquer contato público.
baixa,email_cleaned,inventory:pindobal:148,Espaço da Vovó - Cozinha Barraca da Tapioca,Inventário da Secretaria de Turismo,Inventário da Oferta Turística da Secretaria de Turismo; página 98,email,gabiqueiroz.368@gmail.com 194,Confirmar o e-mail normalizado: gabiqueiroz.368@gmail.com
média,missing_contact,inventory:pindobal:149,Caseira,Inventário da Secretaria de Turismo,Inventário da Oferta Turística da Secretaria de Turismo; página 99,contatos,,Confirmar ao menos um canal público autorizado.
média,missing_contact,inventory:pindobal:150,Spetinho & CIA,Inventário da Secretaria de Turismo,Inventário da Oferta Turística da Secretaria de Turismo; página 99,contatos,,Confirmar ao menos um canal público autorizado.
média,missing_contact,inventory:pindobal:151,Butikin Alter Restaurante Bar,Inventário da Secretaria de Turismo,Inventário da Oferta Turística da Secretaria de Turismo; página 99,contatos,,Confirmar ao menos um canal público autorizado.
média,far_from_route,inventory:pindobal:151,Butikin Alter Restaurante Bar,Inventário da Secretaria de Turismo,Inventário da Oferta Turística da Secretaria de Turismo; página 99,dist_rota_m,742.9,Confirmar se o ponto deve permanecer vinculado à rota de Pindobal.
média,missing_contact,inventory:pindobal:152,Bistrô da Japa,Inventário da Secretaria de Turismo,Inventário da Oferta Turística da Secretaria de Turismo; página 99,contatos,,Confirmar ao menos um canal público autorizado.
média,missing_contact,inventory:pindobal:153,Restaurante Cabocla,Inventário da Secretaria de Turismo,Inventário da Oferta Turística da Secretaria de Turismo; página 99,contatos,,Confirmar ao menos um canal público autorizado.
média,missing_contact,inventory:pindobal:154,Lanche Dona Glória,Inventário da Secretaria de Turismo,Inventário da Oferta Turística da Secretaria de Turismo; página 100,contatos,,Confirmar ao menos um canal público autorizado.
alta,contact_authorization_required,inventory:pindobal:155,Lanche Sabor do Açaí,Inventário da Secretaria de Turismo,Inventário da Oferta Turística da Secretaria de Turismo; página 100,contatos,joelstm@hotmail.com,Registrar autorização antes de tornar qualquer contato público.
média,missing_contact,inventory:pindobal:156,Xbom Burger's & Dog's,Inventário da Secretaria de Turismo,Inventário da Oferta Turística da Secretaria de Turismo; página 100,contatos,,Confirmar ao menos um canal público autorizado.
média,far_from_route,inventory:pindobal:156,Xbom Burger's & Dog's,Inventário da Secretaria de Turismo,Inventário da Oferta Turística da Secretaria de Turismo; página 100,dist_rota_m,547.6,Confirmar se o ponto deve permanecer vinculado à rota de Pindobal.
média,missing_contact,inventory:pindobal:157,Sabor da Fruta,Inventário da Secretaria de Turismo,Inventário da Oferta Turística da Secretaria de Turismo; página 100,contatos,,Confirmar ao menos um canal público autorizado.
média,missing_contact,inventory:pindobal:158,Dogueria do Jorginho,Inventário da Secretaria de Turismo,Inventário da Oferta Turística da Secretaria de Turismo; página 100,contatos,,Confirmar ao menos um canal público autorizado.
alta,contact_authorization_required,inventory:pindobal:159,Churrasquinho do Plínio,Inventário da Secretaria de Turismo,Inventário da Oferta Turística da Secretaria de Turismo; página 101,contatos,(93) 99214-5730,Registrar autorização antes de tornar qualquer contato público.
alta,contact_authorization_required,inventory:pindobal:160,CUICUERA ECOTUR - Receptivo,Inventário da Secretaria de Turismo,Inventário da Oferta Turística da Secretaria de Turismo; página 105,contatos,(93)99132-6160 / 99194-1076,Registrar autorização antes de tornar qualquer contato público.
baixa,website_cleaned,inventory:pindobal:160,CUICUERA ECOTUR - Receptivo,Inventário da Secretaria de Turismo,Inventário da Oferta Turística da Secretaria de Turismo; página 105,site,www.cuicuera.com,Confirmar a URL normalizada: https://www.cuicuera.com
alta,contact_authorization_required,inventory:pindobal:161,Yes Santarém- Locadora,Inventário da Secretaria de Turismo,Inventário da Oferta Turística da Secretaria de Turismo; página 107,contatos,santarem@yesrentacar.com.br,Registrar autorização antes de tornar qualquer contato público.
baixa,website_cleaned,inventory:pindobal:161,Yes Santarém- Locadora,Inventário da Secretaria de Turismo,Inventário da Oferta Turística da Secretaria de Turismo; página 107,site,www.yesrentacar.com.br,Confirmar a URL normalizada: https://www.yesrentacar.com.br
alta,contact_authorization_required,inventory:pindobal:162,Locay Aluguel de Carros,Inventário da Secretaria de Turismo,Inventário da Oferta Turística da Secretaria de Turismo; página 108,contatos,locaycarros@gmail.com,Registrar autorização antes de tornar qualquer contato público.
média,missing_address,inventory:pindobal:163,ATUFA,Inventário da Secretaria de Turismo,Inventário da Oferta Turística da Secretaria de Turismo; página 121,endereco,,Confirmar endereço ou indicar atendimento móvel.
média,missing_contact,inventory:pindobal:163,ATUFA,Inventário da Secretaria de Turismo,Inventário da Oferta Turística da Secretaria de Turismo; página 121,contatos,,Confirmar ao menos um canal público autorizado.
média,far_from_route,inventory:pindobal:163,ATUFA,Inventário da Secretaria de Turismo,Inventário da Oferta Turística da Secretaria de Turismo; página 121,dist_rota_m,569.2,Confirmar se o ponto deve permanecer vinculado à rota de Pindobal.
média,missing_address,inventory:pindobal:164,Associação de condutores fluviais de alter - ACFA,Inventário da Secretaria de Turismo,Inventário da Oferta Turística da Secretaria de Turismo; página 123,endereco,,Confirmar endereço ou indicar atendimento móvel.
alta,contact_authorization_required,inventory:pindobal:164,Associação de condutores fluviais de alter - ACFA,Inventário da Secretaria de Turismo,Inventário da Oferta Turística da Secretaria de Turismo; página 123,contatos,(93) 99165-4272,Registrar autorização antes de tornar qualquer contato público.
média,far_from_route,inventory:pindobal:164,Associação de condutores fluviais de alter - ACFA,Inventário da Secretaria de Turismo,Inventário da Oferta Turística da Secretaria de Turismo; página 123,dist_rota_m,688.9,Confirmar se o ponto deve permanecer vinculado à rota de Pindobal.
média,missing_address,inventory:pindobal:165,Cootait,Inventário da Secretaria de Turismo,Inventário da Oferta Turística da Secretaria de Turismo; página 131,endereco,,Confirmar endereço ou indicar atendimento móvel.
alta,contact_authorization_required,inventory:pindobal:165,Cootait,Inventário da Secretaria de Turismo,Inventário da Oferta Turística da Secretaria de Turismo; página 131,contatos,(93) 99151-0071,Registrar autorização antes de tornar qualquer contato público.
média,missing_address,inventory:pindobal:166,Buburé,Inventário da Secretaria de Turismo,Inventário da Oferta Turística da Secretaria de Turismo; página 131,endereco,,Confirmar endereço ou indicar atendimento móvel.
alta,contact_authorization_required,inventory:pindobal:166,Buburé,Inventário da Secretaria de Turismo,Inventário da Oferta Turística da Secretaria de Turismo; página 131,contatos,(93) 99202-2446,Registrar autorização antes de tornar qualquer contato público.
média,missing_address,inventory:pindobal:167,Ouro e Prata,Inventário da Secretaria de Turismo,Inventário da Oferta Turística da Secretaria de Turismo; página 131,endereco,,Confirmar endereço ou indicar atendimento móvel.
alta,contact_authorization_required,inventory:pindobal:167,Ouro e Prata,Inventário da Secretaria de Turismo,Inventário da Oferta Turística da Secretaria de Turismo; página 131,contatos,(93) 99196-6270,Registrar autorização antes de tornar qualquer contato público.
média,missing_address,inventory:pindobal:168,Quaresma Tur,Inventário da Secretaria de Turismo,Inventário da Oferta Turística da Secretaria de Turismo; página 131,endereco,,Confirmar endereço ou indicar atendimento móvel.
alta,contact_authorization_required,inventory:pindobal:168,Quaresma Tur,Inventário da Secretaria de Turismo,Inventário da Oferta Turística da Secretaria de Turismo; página 131,contatos,(93) 99124-8697,Registrar autorização antes de tornar qualquer contato público.
alta,contact_authorization_required,inventory:pindobal:169,Espaço Açaizeiro,Inventário da Secretaria de Turismo,Inventário da Oferta Turística da Secretaria de Turismo; página 143,contatos,(93) 99123-5585,Registrar autorização antes de tornar qualquer contato público.
baixa,instagram_cleaned,inventory:pindobal:169,Espaço Açaizeiro,Inventário da Secretaria de Turismo,Inventário da Oferta Turística da Secretaria de Turismo; página 143,instagram,"@acaizeiroeventos, Facebook: acaizeirorecepçõeseeventos",Confirmar a URL normalizada: https://www.instagram.com/acaizeiroeventos
alta,contact_authorization_required,inventory:pindobal:170,Chácara Vila Rica,Inventário da Secretaria de Turismo,Inventário da Oferta Turística da Secretaria de Turismo; página 146,contatos,(93) 99122-8830,Registrar autorização antes de tornar qualquer contato público.
alta,contact_authorization_required,inventory:pindobal:171,Bom Pão Panificadora e Pizzaria,Inventário da Secretaria de Turismo,Inventário da Oferta Turística da Secretaria de Turismo; página 147,contatos,(93) 99117-2121,Registrar autorização antes de tornar qualquer contato público.
baixa,instagram_cleaned,inventory:pindobal:171,Bom Pão Panificadora e Pizzaria,Inventário da Secretaria de Turismo,Inventário da Oferta Turística da Secretaria de Turismo; página 147,instagram,@bompaooficial Facebook: bompaooficial,Confirmar a URL normalizada: https://www.instagram.com/bompaooficial
média,missing_contact,inventory:pindobal:172,Linha Alter do Chão — Santarém → Alter do Chão,Pesquisa de transporte,Pesquisa de transporte 2026; registro 172,contatos,,Confirmar ao menos um canal público autorizado.
média,far_from_route,inventory:pindobal:172,Linha Alter do Chão — Santarém → Alter do Chão,Pesquisa de transporte,Pesquisa de transporte 2026; registro 172,dist_rota_m,3467.3,Confirmar se o ponto deve permanecer vinculado à rota de Pindobal.
média,missing_contact,inventory:pindobal:173,Linha Alter do Chão — Alter do Chão → Santarém,Pesquisa de transporte,Pesquisa de transporte 2026; registro 173,contatos,,Confirmar ao menos um canal público autorizado.
média,missing_contact,inventory:pindobal:174,Linha Alter do Chão — trecho da Estrada do Pindobal,Pesquisa de transporte,Pesquisa de transporte 2026; registro 174,contatos,,Confirmar ao menos um canal público autorizado.
alta,missing_coordinates,inventory:pindobal:175,VemParaAlter — transfer para Pindobal,Pesquisa de transporte,Pesquisa de transporte 2026; registro 175,coordenadas,,Georreferenciar ou definir área de atendimento antes da publicação.
alta,contact_authorization_required,inventory:pindobal:175,VemParaAlter — transfer para Pindobal,Pesquisa de transporte,Pesquisa de transporte 2026; registro 175,contatos,https://vemparaalter.com.br/blog/transfer-santarem-alter-do-chao/,Registrar autorização antes de tornar qualquer contato público.
baixa,website_cleaned,inventory:pindobal:175,VemParaAlter — transfer para Pindobal,Pesquisa de transporte,Pesquisa de transporte 2026; registro 175,site,https://vemparaalter.com.br/blog/transfer-santarem-alter-do-chao/,Confirmar a URL normalizada: https://vemparaalter.com.br/blog/transfer-santarem-alter-do-chao
média,missing_route_projection,inventory:pindobal:175,VemParaAlter — transfer para Pindobal,Pesquisa de transporte,Pesquisa de transporte 2026; registro 175,dist_rota_m,,Recalcular a relação espacial com a geometria vigente da rota.
alta,contact_authorization_required,inventory:pindobal:176,Cuicuera Ecotour — transfer terrestre,Pesquisa de transporte,Pesquisa de transporte 2026; registro 176,contatos,(93) 3527-1151 / (93) 99132-6160,Registrar autorização antes de tornar qualquer contato público.
média,multiple_phones,inventory:pindobal:176,Cuicuera Ecotour — transfer terrestre,Pesquisa de transporte,Pesquisa de transporte 2026; registro 176,telefone,(93) 3527-1151 / (93) 99132-6160,Escolher o telefone principal e classificar telefone/WhatsApp.
alta,contact_authorization_required,inventory:pindobal:177,Cronos Ecoturismo — transfer e receptivo,Pesquisa de transporte,Pesquisa de transporte 2026; registro 177,contatos,(93) 99183-5423 / (93) 99120-5649,Registrar autorização antes de tornar qualquer contato público.
média,multiple_phones,inventory:pindobal:177,Cronos Ecoturismo — transfer e receptivo,Pesquisa de transporte,Pesquisa de transporte 2026; registro 177,telefone,(93) 99183-5423 / (93) 99120-5649,Escolher o telefone principal e classificar telefone/WhatsApp.
alta,contact_authorization_required,inventory:pindobal:178,Cuicuera Ecotour — lancha turística Alter/Pindobal,Pesquisa de transporte,Pesquisa de transporte 2026; registro 178,contatos,(93) 3527-1151 / (93) 99132-6160,Registrar autorização antes de tornar qualquer contato público.
média,multiple_phones,inventory:pindobal:178,Cuicuera Ecotour — lancha turística Alter/Pindobal,Pesquisa de transporte,Pesquisa de transporte 2026; registro 178,telefone,(93) 3527-1151 / (93) 99132-6160,Escolher o telefone principal e classificar telefone/WhatsApp.
alta,contact_authorization_required,inventory:pindobal:179,Cuicuera Ecotour — lancha Alter/Santarém,Pesquisa de transporte,Pesquisa de transporte 2026; registro 179,contatos,(93) 3527-1151 / (93) 99132-6160,Registrar autorização antes de tornar qualquer contato público.
média,multiple_phones,inventory:pindobal:179,Cuicuera Ecotour — lancha Alter/Santarém,Pesquisa de transporte,Pesquisa de transporte 2026; registro 179,telefone,(93) 3527-1151 / (93) 99132-6160,Escolher o telefone principal e classificar telefone/WhatsApp.
média,missing_contact,inventory:pindobal:180,Rota hidroviária — Santarém → Alter → Pindobal,Pesquisa de transporte,Pesquisa de transporte 2026; registro 180,contatos,,Confirmar ao menos um canal público autorizado.
média,far_from_route,inventory:pindobal:180,Rota hidroviária — Santarém → Alter → Pindobal,Pesquisa de transporte,Pesquisa de transporte 2026; registro 180,dist_rota_m,4073.9,Confirmar se o ponto deve permanecer vinculado à rota de Pindobal.
média,missing_contact,inventory:pindobal:181,Rota hidroviária — Pindobal → Alter/Santarém,Pesquisa de transporte,Pesquisa de transporte 2026; registro 181,contatos,,Confirmar ao menos um canal público autorizado.
bloqueante,google_source_quarantine,inventory:pindobal:182,Tapajós Cervejaria,Google Maps,Pesquisa Google Maps 2026,pagina,Pesquisa Google Maps 2026,Confirmar em fonte independente ou diretamente com o responsável antes de criar rascunho.
bloqueante,google_source_quarantine,inventory:pindobal:183,Rekantu do Poeta,Google Maps,Pesquisa Google Maps 2026,pagina,Pesquisa Google Maps 2026,Confirmar em fonte independente ou diretamente com o responsável antes de criar rascunho.
bloqueante,google_source_quarantine,inventory:pindobal:184,Sorrizal Pousada,Google Maps,Pesquisa Google Maps 2026,pagina,Pesquisa Google Maps 2026,Confirmar em fonte independente ou diretamente com o responsável antes de criar rascunho.
bloqueante,google_source_quarantine,inventory:pindobal:185,Espaço Caranazal,Google Maps,Pesquisa Google Maps 2026,pagina,Pesquisa Google Maps 2026,Confirmar em fonte independente ou diretamente com o responsável antes de criar rascunho.
bloqueante,google_source_quarantine,inventory:pindobal:186,Camping e Pousada Maloca e Rodas,Google Maps,Pesquisa Google Maps 2026,pagina,Pesquisa Google Maps 2026,Confirmar em fonte independente ou diretamente com o responsável antes de criar rascunho.
bloqueante,google_source_quarantine,inventory:pindobal:187,Miralha Pindobal Restaurante e Pousada,Google Maps,Pesquisa Google Maps 2026,pagina,Pesquisa Google Maps 2026,Confirmar em fonte independente ou diretamente com o responsável antes de criar rascunho.
bloqueante,google_source_quarantine,inventory:pindobal:188,Bellacasa Gourmet / Rancho da Maria,Google Maps,Pesquisa Google Maps 2026,pagina,Pesquisa Google Maps 2026,Confirmar em fonte independente ou diretamente com o responsável antes de criar rascunho.
bloqueante,google_source_quarantine,inventory:pindobal:189,Posto ICCAR,Google Maps,Pesquisa Google Maps 2026,pagina,Pesquisa Google Maps 2026,Confirmar em fonte independente ou diretamente com o responsável antes de criar rascunho.
bloqueante,google_source_quarantine,inventory:pindobal:190,Auto Posto Fernando Guilhon,Google Maps,Pesquisa Google Maps 2026,pagina,Pesquisa Google Maps 2026,Confirmar em fonte independente ou diretamente com o responsável antes de criar rascunho.
bloqueante,google_source_quarantine,inventory:pindobal:191,Drogaria Vila Farma,Google Maps,Pesquisa Google Maps 2026,pagina,Pesquisa Google Maps 2026,Confirmar em fonte independente ou diretamente com o responsável antes de criar rascunho.
bloqueante,google_source_quarantine,inventory:pindobal:192,UBS 24h de Alter do Chão,Google Maps,Pesquisa Google Maps 2026,pagina,Pesquisa Google Maps 2026,Confirmar em fonte independente ou diretamente com o responsável antes de criar rascunho.
bloqueante,google_source_quarantine,inventory:pindobal:193,Posto do Corpo de Bombeiros de Alter do Chão,Google Maps,Pesquisa Google Maps 2026,pagina,Pesquisa Google Maps 2026,Confirmar em fonte independente ou diretamente com o responsável antes de criar rascunho.
bloqueante,google_source_quarantine,inventory:pindobal:194,Guincho Santarém — atendimento PA-457,Google Maps,Pesquisa Google Maps 2026,pagina,Pesquisa Google Maps 2026,Confirmar em fonte independente ou diretamente com o responsável antes de criar rascunho.
bloqueante,google_source_quarantine,inventory:pindobal:195,Supermercado Mingote,Google Maps,Pesquisa Google Maps 2026,pagina,Pesquisa Google Maps 2026,Confirmar em fonte independente ou diretamente com o responsável antes de criar rascunho.
média,shared_contact_candidate,inventory:pindobal:38,Pousada Aurora Boreal,Inventário da Secretaria de Turismo,Inventário da Oferta Turística da Secretaria de Turismo; página 56,contatos,+5593992323740 | pousadaauroraboreal@gmail.com,Confirmar se pertence ao mesmo ator do registro inventory:pindobal:39 ou se é contato compartilhado.
média,shared_contact_candidate,inventory:pindobal:39,Pousada Aurora Boreal 2,Inventário da Secretaria de Turismo,Inventário da Oferta Turística da Secretaria de Turismo; página 56,contatos,+5593992323740 | pousadaauroraboreal@gmail.com,Confirmar se pertence ao mesmo ator do registro inventory:pindobal:38 ou se é contato compartilhado.
média,shared_contact_candidate,inventory:pindobal:90,Pousada Ocazum,Inventário da Secretaria de Turismo,Inventário da Oferta Turística da Secretaria de Turismo; página 72,contatos,+5593991232885,Confirmar se pertence ao mesmo ator do registro inventory:pindobal:91 ou se é contato compartilhado.
média,shared_contact_candidate,inventory:pindobal:91,Pousada Ocazum Ilha do Amor,Inventário da Secretaria de Turismo,Inventário da Oferta Turística da Secretaria de Turismo; página 72,contatos,+5593991232885,Confirmar se pertence ao mesmo ator do registro inventory:pindobal:90 ou se é contato compartilhado.
média,shared_contact_candidate,inventory:pindobal:124,Casinha Beco do Amor,Inventário da Secretaria de Turismo,Inventário da Oferta Turística da Secretaria de Turismo; página 79,contatos,+5593991214710,Confirmar se pertence ao mesmo ator do registro inventory:pindobal:125 ou se é contato compartilhado.
média,shared_contact_candidate,inventory:pindobal:125,Casa Chalé Mucajá,Inventário da Secretaria de Turismo,Inventário da Oferta Turística da Secretaria de Turismo; página 79,contatos,+5593991214710,Confirmar se pertence ao mesmo ator do registro inventory:pindobal:124 ou se é contato compartilhado.
média,shared_contact_candidate,inventory:pindobal:160,CUICUERA ECOTUR - Receptivo,Inventário da Secretaria de Turismo,Inventário da Oferta Turística da Secretaria de Turismo; página 105,contatos,+5593991326160,Confirmar se pertence ao mesmo ator do registro inventory:pindobal:176 ou se é contato compartilhado.
média,shared_contact_candidate,inventory:pindobal:176,Cuicuera Ecotour — transfer terrestre,Pesquisa de transporte,Pesquisa de transporte 2026; registro 176,contatos,+5593991326160,Confirmar se pertence ao mesmo ator do registro inventory:pindobal:160 ou se é contato compartilhado.
média,shared_contact_candidate,inventory:pindobal:160,CUICUERA ECOTUR - Receptivo,Inventário da Secretaria de Turismo,Inventário da Oferta Turística da Secretaria de Turismo; página 105,contatos,+5593991326160,Confirmar se pertence ao mesmo ator do registro inventory:pindobal:178 ou se é contato compartilhado.
média,shared_contact_candidate,inventory:pindobal:178,Cuicuera Ecotour — lancha turística Alter/Pindobal,Pesquisa de transporte,Pesquisa de transporte 2026; registro 178,contatos,+5593991326160,Confirmar se pertence ao mesmo ator do registro inventory:pindobal:160 ou se é contato compartilhado.
média,shared_contact_candidate,inventory:pindobal:160,CUICUERA ECOTUR - Receptivo,Inventário da Secretaria de Turismo,Inventário da Oferta Turística da Secretaria de Turismo; página 105,contatos,+5593991326160,Confirmar se pertence ao mesmo ator do registro inventory:pindobal:179 ou se é contato compartilhado.
média,shared_contact_candidate,inventory:pindobal:179,Cuicuera Ecotour — lancha Alter/Santarém,Pesquisa de transporte,Pesquisa de transporte 2026; registro 179,contatos,+5593991326160,Confirmar se pertence ao mesmo ator do registro inventory:pindobal:160 ou se é contato compartilhado.
média,shared_contact_candidate,inventory:pindobal:176,Cuicuera Ecotour — transfer terrestre,Pesquisa de transporte,Pesquisa de transporte 2026; registro 176,contatos,+559335271151 | +5593991326160 | cuicueraecotour@gmail.com,Confirmar se pertence ao mesmo ator do registro inventory:pindobal:178 ou se é contato compartilhado.
média,shared_contact_candidate,inventory:pindobal:178,Cuicuera Ecotour — lancha turística Alter/Pindobal,Pesquisa de transporte,Pesquisa de transporte 2026; registro 178,contatos,+559335271151 | +5593991326160 | cuicueraecotour@gmail.com,Confirmar se pertence ao mesmo ator do registro inventory:pindobal:176 ou se é contato compartilhado.
média,shared_contact_candidate,inventory:pindobal:176,Cuicuera Ecotour — transfer terrestre,Pesquisa de transporte,Pesquisa de transporte 2026; registro 176,contatos,+559335271151 | +5593991326160 | cuicueraecotour@gmail.com,Confirmar se pertence ao mesmo ator do registro inventory:pindobal:179 ou se é contato compartilhado.
média,shared_contact_candidate,inventory:pindobal:179,Cuicuera Ecotour — lancha Alter/Santarém,Pesquisa de transporte,Pesquisa de transporte 2026; registro 179,contatos,+559335271151 | +5593991326160 | cuicueraecotour@gmail.com,Confirmar se pertence ao mesmo ator do registro inventory:pindobal:176 ou se é contato compartilhado.
média,shared_contact_candidate,inventory:pindobal:178,Cuicuera Ecotour — lancha turística Alter/Pindobal,Pesquisa de transporte,Pesquisa de transporte 2026; registro 178,contatos,+559335271151 | +5593991326160 | cuicueraecotour@gmail.com,Confirmar se pertence ao mesmo ator do registro inventory:pindobal:179 ou se é contato compartilhado.
média,shared_contact_candidate,inventory:pindobal:179,Cuicuera Ecotour — lancha Alter/Santarém,Pesquisa de transporte,Pesquisa de transporte 2026; registro 179,contatos,+559335271151 | +5593991326160 | cuicueraecotour@gmail.com,Confirmar se pertence ao mesmo ator do registro inventory:pindobal:178 ou se é contato compartilhado.
